step,x,y,distance_before,action_vx,action_vy,planner_score,predicted_next_x,predicted_next_y,actual_next_x,actual_next_y,one_step_model_error_m,distance_after,reward,terminal
1,0.0,0.0,0.7826237921249264,0.18055289982282813,0.09292850740583666,0.5833546136925443,0.07222115992913125,0.03717140296233467,-0.0695,-0.03471999999999997,0.15891274647287165,0.860313738353631,-0.03467425931102308,False
2,-0.0695,-0.03471999999999997,0.860313738353631,0.18109365808967168,0.12449587942362211,0.6322883249739427,0.002937463235868673,0.015078351769448876,-0.14716999999999997,-0.07645999999999997,0.17581672378865162,0.9484540792784857,-0.04071763696093034,False
3,-0.14716999999999997,-0.07645999999999997,0.9484540792784857,0.1909573232124498,0.0777779134607427,0.6441656756503167,-0.07078707071502005,-0.045348834615702896,-0.23819,-0.11064999999999997,0.17968857207329386,1.0451788835409948,-0.044465860085459274,False
4,-0.23819,-0.11064999999999997,1.0451788835409948,0.1425622020637925,0.1292172954120165,0.6813217815779121,-0.18116511917448302,-0.05896308183519337,-0.31562999999999997,-0.1522,0.1636274032192998,1.1330088865053087,-0.03117955863904842,False
5,-0.31562999999999997,-0.1522,1.1330088865053087,0.17055448769180917,0.11937794976330393,0.6991655982030798,-0.2474082049232763,-0.10444882009467843,-0.39157,-0.19077999999999998,0.16803480527434864,1.2181822824602235,-0.024264281831903656,False
6,-0.39157,-0.19077999999999998,1.2181822824602235,0.18631426866209577,0.09006347155030137,0.7251510294157497,-0.31704429253516164,-0.15475461137987942,-0.48821000000000003,-0.22547999999999999,0.1852019978493907,1.320234916406925,-0.036040888126354975,False
7,-0.48821000000000003,-0.22547999999999999,1.320234916406925,0.1867701150554544,0.1065066937287862,0.747677340715609,-0.41350195397781825,-0.1828773225084855,-0.56637,-0.26420999999999994,0.17315785839106057,1.4074611543484956,-0.016853180224145836,False
8,-0.56637,-0.26420999999999994,1.4074611543484956,0.19927376718015477,0.09619819471357359,0.7806819978070273,-0.48666049312793813,-0.22573072211457051,-0.65869,-0.30347999999999997,0.18878321282982372,1.5076719227006914,-0.02482717221716113,False
9,-0.65869,-0.30347999999999997,1.5076719227006914,0.17190756731145596,0.09123350490534157,0.798801715108349,-0.5899269730754176,-0.26698659803786334,-0.73892,-0.33449999999999996,0.16357561406472043,1.593433718859997,-0.0060901102163055665,False
10,-0.73892,-0.33449999999999996,1.593433718859997,0.19052623383219366,0.0858923181605846,0.826639828999248,-0.6627095064671226,-0.3001430727357661,-0.8296399999999999,-0.36845,0.180365257140646,1.6899612220699032,-0.012029442106410881,False
11,-0.8296399999999999,-0.36845,1.6899612220699032,0.1651004228982167,0.14085993518303558,0.8323808836774632,-0.7635998308407133,-0.31210602592678577,-0.9208000000000001,-0.41258,0.18656610798795506,1.7912344615934566,-0.011711516443880576,False
12,-0.9208000000000001,-0.41258,1.7912344615934566,0.15975659791838445,0.13606801993746787,0.8780701062707862,-0.8568973608326462,-0.3581527920250128,-0.9979199999999999,-0.45257,0.16971150202481158,1.878044443377206,0.007092240385110804,False
13,-0.9979199999999999,-0.45257,1.878044443377206,0.18629581155113473,0.08141145311929517,0.903738834348458,-0.923401675379546,-0.4200054187522819,-1.08984,-0.48144,0.17741455316728127,1.9735297563502807,0.003191174844439537,False
14,-1.08984,-0.48144,1.9735297563502807,0.19626416850828013,0.09025014419271386,0.9397932295374629,-1.011334332596688,-0.4453399423229144,-1.1826699999999999,-0.51467,0.18483118736308096,2.071738530268721,0.005378152594996077,False
