sample,action_vx,action_vy,before_x,before_y,after_x,after_y,delta_x,delta_y
1,0.2,0.0,0.0,0.0,0.0662085585785237,-0.00469926141957248,0.0662085585785237,-0.00469926141957248
2,-0.2,0.0,0.0662085585785237,-0.00469926141957248,1.1862159810804851e-05,-0.002905611164750098,-0.0661966964187129,0.0017936502548223819
3,0.0,0.2,1.1862159810804851e-05,-0.002905611164750098,0.006927259544797679,0.06658864646956841,0.006915397384986874,0.06949425763431852
4,0.0,-0.2,0.006927259544797679,0.06658864646956841,0.0018166018222145778,-0.008831692468017321,-0.005110657722583101,-0.07542033893758573
5,0.1414213562373095,0.1414213562373095,0.0018166018222145778,-0.008831692468017321,0.057366544822205434,0.040280343831963716,0.05554994299999086,0.04911203629998104
6,-0.1414213562373095,-0.1414213562373095,0.057366544822205434,0.040280343831963716,0.00572325289432625,-0.012025008121651935,-0.051643291927879184,-0.05230535195361565
7,0.1414213562373095,-0.1414213562373095,0.00572325289432625,-0.012025008121651935,0.04966458241979432,-0.06734840983305569,0.04394132952546807,-0.05532340171140376
8,-0.1414213562373095,0.1414213562373095,0.04966458241979432,-0.06734840983305569,0.00871779484077971,-0.018006330587911297,-0.04094678757901461,0.049342079245144395
9,0.2,0.0,0.00871779484077971,-0.018006330587911297,0.07265648965712267,-0.018036718900058854,0.06393869481634296,-3.038831214755705e-05
10,-0.2,0.0,0.07265648965712267,-0.018036718900058854,0.008240695064746853,-0.014442582154463817,-0.06441579459237581,0.0035941367455950366
11,0.0,0.2,0.008240695064746853,-0.014442582154463817,0.015651243554569885,0.05735008674249057,0.007410548489823032,0.07179266889695439
12,0.0,-0.2,0.015651243554569885,0.05735008674249057,0.010346130288703513,-0.019709697228463864,-0.0053051132658663725,-0.07705978397095443
13,0.1414213562373095,0.1414213562373095,0.010346130288703513,-0.019709697228463864,0.06527407197243809,0.028689045961090585,0.05492794168373458,0.04839874318955445
14,-0.1414213562373095,-0.1414213562373095,0.06527407197243809,0.028689045961090585,0.009656566384896766,-0.023119562421582557,-0.055617505587541326,-0.05180860838267314
15,0.1414213562373095,-0.1414213562373095,0.009656566384896766,-0.023119562421582557,0.05423900668276152,-0.07974234112708911,0.044582440297864755,-0.056622778705506555
16,-0.1414213562373095,0.1414213562373095,0.05423900668276152,-0.07974234112708911,0.014677432803724674,-0.02410402922000158,-0.039561573879036846,0.05563831190708753
17,0.2,0.0,0.014677432803724674,-0.02410402922000158,0.07786874882256599,-0.027218907850676762,0.06319131601884131,-0.0031148786306751837
18,-0.2,0.0,0.07786874882256599,-0.027218907850676762,0.012371714327092664,-0.022177156150738446,-0.06549703449547332,0.005041751699938316
19,0.0,0.2,0.012371714327092664,-0.022177156150738446,0.020714689898779677,0.04627973294674236,0.008342975571687013,0.06845688909748081
20,0.0,-0.2,0.020714689898779677,0.04627973294674236,0.018032399517382263,-0.02810447160281549,-0.002682290381397414,-0.07438420454955785
21,0.1414213562373095,0.1414213562373095,0.018032399517382263,-0.02810447160281549,0.07480669424918066,0.021741222657221525,0.05677429473179839,0.049845694260037016
22,-0.1414213562373095,-0.1414213562373095,0.07480669424918066,0.021741222657221525,0.0201026868972225,-0.025030104168260396,-0.054704007351958156,-0.04677132682548192
23,0.1414213562373095,-0.1414213562373095,0.0201026868972225,-0.025030104168260396,0.06335406477293007,-0.07789289064409072,0.04325137787570757,-0.05286278647583032
24,-0.1414213562373095,0.1414213562373095,0.06335406477293007,-0.07789289064409072,0.020661593814285853,-0.02567844102756834,-0.042692470958644216,0.05221444961652238
